ID,Title,Subtitle,Authors,Genres,Language,Availability,Copies,PublishedYear,Shelf,Row,Slot
"aab4946a-9aa8-4e29-877e-b08c825ee113","The Hitchhiker's Guide to the Galaxy","A Trilogy in Five Parts","Douglas Adams","Sci-Fi; Fiction; Comedy","English","available",3,1979,"A1","3","12"
"43ae1349-75a1-4de3-a1c9-bbb3c0048c8e","Sapiens: A Brief History of Humankind","","Yuval Noah Harari","History; Non-Fiction; Anthropology","English","issued",4,2011,"C3","2","8"
"a75165b2-0bd3-41c8-8abd-b36ee0bbac98","1984","","George Orwell","Sci-Fi; Dystopia; Fiction","English","available",5,1949,"A2","4","7"
"f21b35c3-9b15-45c6-8ab3-2eac299168cf","পথের পাঁচালী","আম আঁটির ভেঁপু","বিভূতিভূষণ বন্দ্যোপাধ্যায়","Fiction; Bengali Literature; Drama","Bengali","issued",3,1929,"B3","1","3"
"c1231d13-3681-4be7-aa4a-f2c3f609703a","The Alchemist","","Paulo Coelho","Fiction; Philosophy; Adventure","English","available",6,1988,"D1","2","10"
"80246d5d-043d-4702-ae2d-8d9b4dbcb400","Thinking, Fast and Slow","","Daniel Kahneman","Non-Fiction; Psychology; Philosophy","English","issued",3,2011,"E2","1","18"
"0a030983-615e-42cf-8a4a-05821c7a1dcc","দেবী (Devi)","মিসির আলি সিরিজ","Unknown","Mystery, Psychological Fiction","Bengali","available",1,1985,"1","1","1"
"88e2c5df-6ee5-4c74-be44-79df8736064b","আমার ছেলেবেলা","","রবীন্দ্রনাথ ঠাকুর","Biography; Bengali Literature; Poetry","Bengali","available",1,1940,"B4","2","15"
"3f71b315-c46a-4351-b10a-57a81658b6cf","মুক্তিযুদ্ধের ইতিহাস","বাংলাদেশের স্বাধীনতা সংগ্রাম","মেজর রফিকুল ইসলাম; আবদুল করিম","History; Non-Fiction; Bengali Literature","Bengali","available",2,1985,"C1","3","2"
"97c23b95-2ec5-41df-b8ed-e8e0221b4303","গল্পগুচ্ছ","রবীন্দ্রনাথের ছোটগল্প সমগ্র","রবীন্দ্রনাথ ঠাকুর","Fiction; Poetry; Bengali Literature","Bengali","available",4,1900,"B1","5","1"
"c474212a-a8f4-4576-8fe7-84ec42f6ecc4","দেশে বিদেশে","","সৈয়দ মুজতবা আলী","Non-Fiction; Travel; Bengali Literature","Bengali","available",2,1949,"B2","1","5"
"bf43efa1-229f-448a-bf6e-cac36afbef33","সোফির জগৎ","","ইয়েস্তেন গার্ডার  অনুবাদ জি এইচ হাবিব","Philosophy","Bengali","issued",1,2022,"Reading Table","1","?"
"e4b650f5-3d54-448f-8850-9bfb561a76f5","র‍্যাপ-চার","জুলাই অভ্যুত্থানের র‍্যাপসঙ্গীত","ড. মিজানুর রহমান নাসিম","সংগীত বিষয়ক আলোচনা","Bengali","available",1,2026,"1","1","2"
"6f949210-1a00-48ee-bce5-2811b6a33572","মহাভারত","","রাজশেখর বসু","Mythology","English","issued",1,2021,"Reading Table","1","?"
"9dbf9382-e6aa-4721-bd96-ea5022f155e9","প্রতিনায়ক","","সিরাজুল আলম খান","History","Bengali","issued",1,2026,"1","1","1"